pair,tier,time,vol_z,pnl,win,hours_held,rsi14,bbw_pctl,dist_30d_high,dist_30d_low,obv_chg_pctl,macd_rel,atr_pctl,vwap7_dist,ret_7d,ret_24h,spike_hours_24h,buy_ratio,hour_utc,dow,btc_ret_24h
ALLOUSDT,micro,2025-11-20 06:00:00+00:00,4.82,0.11299999999999999,True,20,41.09445486564668,52.63157894736842,-0.7585398035478669,0.04571428571428582,18.91891891891892,0.000532722954408847,3.571428571428571,-0.22337775538025573,-0.42210526315789465,-0.08142777467930828,1.0,0.5513363244090619,6.0,3.0,0.02383606277206085
ALLOUSDT,micro,2026-05-21 10:00:00+00:00,4.72,0.11299999999999999,True,26,59.164940559675564,70.97222222222223,-0.33779761904761907,0.09876543209876543,0.1388888888888889,0.001445454823027513,31.944444444444443,0.0247258844643643,0.005649717514124353,0.05575326215895604,2.0,0.46850182524156986,10.0,3.0,0.001908624274102655
APTUSDT,mid,2025-06-25 02:00:00+00:00,4.49,-0.04825101874490634,False,36,64.90784519963763,99.16666666666667,-0.11885098743267497,0.2791243158717749,99.72222222222223,-0.0005649932351096651,98.75,0.1022228448842124,0.10465901417960866,0.13637416068534391,10.0,0.4721296659358529,2.0,2.0,0.00888253436959574
APTUSDT,mid,2025-06-27 07:00:00+00:00,4.03,-0.06468249951333449,False,36,65.52551199376356,92.08333333333333,-0.07773788150807914,0.33880635913474055,90.83333333333333,0.006003045774257747,97.36111111111111,0.11117427584700157,0.15880893300248133,0.05244826879737752,6.0,0.31882834046028224,7.0,4.0,-0.004479150717092817
APTUSDT,mid,2026-02-06 12:00:00+00:00,4.35,0.05340616246498597,True,36,46.898687351764984,84.72222222222221,-0.46180904522613064,0.06039603960396045,8.88888888888889,0.009419135177774637,95.13888888888889,-0.10498999360322314,-0.26593557230980125,-0.07592752372735123,4.0,0.5080302525583553,12.0,4.0,-0.05243339754132459
APTUSDT,mid,2026-04-29 08:00:00+00:00,4.46,0.0030556117290192492,True,36,58.191070582083746,74.86111111111111,-0.021760633036597365,0.21798029556650245,8.194444444444445,0.003162875725172187,89.44444444444444,0.017827078296837273,0.016443987667009274,0.024870466321243567,3.0,0.6105864484895187,8.0,2.0,0.0022679712921349626
APTUSDT,mid,2026-05-05 18:00:00+00:00,4.1,0.07267908902691489,True,36,41.72633279736955,27.083333333333332,-0.07204610951008639,0.18965517241379293,3.0555555555555554,-0.0008819377544978508,82.77777777777777,-0.026590202403980467,-0.0010341261633919352,-0.016293279022403295,2.0,0.5581446990119399,18.0,1.0,0.010943912618867957
APTUSDT,mid,2026-05-10 20:00:00+00:00,5.94,-0.06317247238742574,False,36,63.48036299904557,99.16666666666667,-0.03445447087776865,0.4495073891625616,37.361111111111114,0.008180258451214704,100.0,0.11589354588159506,0.18410462776659964,0.05465949820788518,3.0,0.5469277874317205,20.0,6.0,0.006168879024612828
ARBUSDT,mid,2023-09-29 06:00:00+00:00,4.33,0.016072957090586426,True,36,66.03870940897193,96.25,-0.06780361757105946,0.2062324461682492,92.63888888888889,0.00026396789017456876,96.11111111111111,0.06818714058978648,0.08167426241304865,0.0874125874125875,3.0,0.4754636500703556,6.0,4.0,0.019930472458359993
ARBUSDT,mid,2024-02-29 18:00:00+00:00,4.3,-0.02309455671928018,False,36,62.372094827448514,72.08333333333333,-0.06142698910836242,0.20145329946239743,93.61111111111111,-0.0013167237810645786,100.0,0.07254913419494291,0.09474080852667277,0.08256148195464719,8.0,0.5346763306671362,18.0,3.0,-0.00613198475845278
ARBUSDT,mid,2025-02-01 03:00:00+00:00,4.07,-0.11942543171114595,False,36,45.624040305367444,55.55555555555556,-0.32933249105074747,0.07801658487053653,16.11111111111111,-0.0028617682419063402,30.0,-0.0030609698277046515,-0.09811694747274535,0.022964509394572064,2.0,0.5056526509154633,3.0,5.0,-0.017959738444027873
ARBUSDT,mid,2025-05-11 02:00:00+00:00,6.4,-0.10094566098945668,False,36,82.9195278942378,100.0,0.0,0.8172439204126754,99.86111111111111,0.010690429343364817,100.0,0.29539678370679345,0.5422138836772985,0.2958486600105099,17.0,0.5097398447091137,2.0,6.0,0.011145236072338971
ARBUSDT,mid,2025-09-25 15:00:00+00:00,4.53,0.0006023184291459333,True,36,46.03855433788367,52.916666666666664,-0.2398849127854703,0.016350084154844957,3.75,0.0014700107528279626,50.138888888888886,-0.06856002146980889,-0.18758408610417066,-0.029168580615525963,2.0,0.48758345803370445,15.0,3.0,-0.019175410901662193
BIOUSDT,tiny,2025-04-17 10:00:00+00:00,4.37,-0.1526591337099812,False,36,65.1532236484498,100.0,-0.49572649572649574,0.30466830466830475,99.58333333333333,0.026946930573986103,100.0,0.013184512068260101,-0.08919382504288154,0.26730310262529833,4.0,0.4625400086874903,10.0,3.0,0.010494017883490692
BIOUSDT,tiny,2025-12-07 00:00:00+00:00,4.59,-0.044801556420233424,False,36,68.3570670286476,59.86111111111111,-0.39600470035252644,0.06198347107438029,99.72222222222223,0.004909227367437055,50.55555555555556,-0.016935442915919863,-0.11379310344827587,0.05761316872428002,1.0,0.5437381649778511,0.0,6.0,-0.0010438817669845557
BIOUSDT,tiny,2025-12-14 09:00:00+00:00,5.09,-0.154046783625731,False,36,63.20350105006617,57.638888888888886,-0.2639885222381636,0.10322580645161294,90.13888888888889,0.00271258671929177,61.38888888888889,0.02762932206347002,0.044806517311609007,0.05991735537190079,4.0,0.5395085819815459,9.0,6.0,-0.003868195903544036
BIOUSDT,tiny,2025-12-26 06:00:00+00:00,5.68,0.041348214285714446,True,36,56.32571194395115,81.52777777777777,-0.2808988764044944,0.11166253101736956,1.9444444444444444,0.005297958646955261,100.0,0.022881069208515514,0.0616113744075828,0.009009009009008917,5.0,0.45526327212662215,6.0,4.0,0.014199683078909509
BIOUSDT,tiny,2026-04-15 18:00:00+00:00,4.12,0.11299999999999999,True,2,69.49657563861001,99.58333333333333,-0.022727272727272707,0.6125,99.58333333333333,0.007634299649979723,99.44444444444444,0.16665382261966788,0.40217391304347827,0.29648241206030135,16.0,0.5063592286502729,18.0,2.0,-0.00821349879396216
CHZUSDT,small,2023-07-13 18:00:00+00:00,5.9,-0.015398294762484775,False,36,82.05395825298854,100.0,-0.001216545012165282,0.1005361930294908,98.72340425531915,0.007643360289877073,96.7479674796748,0.06326520226385535,0.06623376623376642,0.06485084306095978,4.0,0.4683821228029527,18.0,3.0,0.02043257427839973
CHZUSDT,small,2023-08-01 02:00:00+00:00,4.9,0.001937007874015741,True,36,33.18048051710609,52.794117647058826,-0.10141509433962259,0.02144772117962468,7.4074074074074066,-0.0007013952478926344,69.09620991253644,-0.025128012856090565,-0.009102730819245619,-0.030534351145038108,1.0,0.5588191049407508,2.0,1.0,-0.008537623433934383
CHZUSDT,small,2023-08-18 09:00:00+00:00,4.27,0.007419152276294973,True,36,40.654750291395885,98.75,-0.21840490797546008,0.042553191489361764,0.1388888888888889,0.002216384330357219,98.61111111111111,-0.07413698784134837,-0.15179760319573887,-0.10155148095909727,9.0,0.452276682042364,9.0,4.0,-0.06872309703610802
CHZUSDT,small,2023-09-13 07:00:00+00:00,4.58,0.035769784172661856,True,36,46.53500868432588,53.888888888888886,-0.2703412073490814,0.014598540145985384,96.52777777777779,-0.0006213527162812801,83.88888888888889,-0.03223405258421741,-0.060810810810810856,-0.0089126559714795,1.0,0.5241139074264227,7.0,2.0,0.007488046179648711
CHZUSDT,small,2023-10-01 06:00:00+00:00,4.39,-0.045887147335423206,False,36,71.24331809531093,92.77777777777779,-0.0031250000000000444,0.16423357664233573,99.58333333333333,0.002285127215019534,98.75,0.0425161543351944,0.10380622837370246,0.04934210526315774,14.0,0.5674276497261015,6.0,6.0,0.005079655020066909
CHZUSDT,small,2023-10-16 13:00:00+00:00,4.02,-0.003768972227136012,False,36,52.90495438204097,79.44444444444444,-0.12896764252696458,0.04433770552373906,3.194444444444444,-0.0005523132326032731,72.91666666666666,0.017730194327080007,-0.00475352112676064,0.01966089466089449,3.0,0.4945088178746168,13.0,0.0,0.03911783752525322
CHZUSDT,small,2023-12-07 03:00:00+00:00,4.3,0.05275538626353993,True,36,60.844211762992536,72.5,-0.020634180461646,0.23398942420681546,96.66666666666667,0.0015613395287982796,92.08333333333333,0.06829224136452905,0.14517448200654326,0.047506234413965176,8.0,0.4560683056259525,3.0,3.0,0.0015281102589974616
CHZUSDT,small,2024-01-16 11:00:00+00:00,4.28,-0.055094832481544564,False,36,80.30274833517872,100.0,0.0,0.49808592088473014,100.0,0.012390339423472277,100.0,0.19728549269995077,0.40262843488649946,0.21420363134911513,15.0,0.499722424368591,11.0,1.0,0.007206346208151748
CHZUSDT,small,2024-08-05 05:00:00+00:00,4.44,0.09484210526315806,True,36,18.9052963101405,100.0,-0.37252311756935275,0.006355932203389925,0.1388888888888889,-0.016689408006290856,99.72222222222223,-0.18675443865224928,-0.32528409090909094,-0.18103448275862077,9.0,0.43860161988905094,5.0,0.0,-0.11617621126171729
CHZUSDT,small,2024-10-09 17:00:00+00:00,5.18,-0.09242553191489367,False,36,69.71253538742444,100.0,0.0,0.4861660079051384,100.0,0.008591360171133355,100.0,0.10935544100582129,0.2533333333333334,0.13595166163142003,14.0,0.48912328929608834,17.0,2.0,-0.012082307815246884
CHZUSDT,small,2025-06-26 02:00:00+00:00,4.68,-0.05781523233434138,False,36,57.98958645152553,80.0,-0.1903383793410508,0.15496983169260092,30.416666666666664,0.003182668254999157,85.97222222222223,0.051969410991492326,0.03529746655280386,0.01905295601008694,2.0,0.3853898365293009,2.0,3.0,0.011754960148957494
CHZUSDT,small,2025-07-04 08:00:00+00:00,4.42,-0.020284106891701792,False,36,31.631179787210257,55.13888888888889,-0.12416851441241694,0.12892981899015554,2.7777777777777777,-0.003598802750205955,35.97222222222222,-0.0012793166924951471,0.030733545955349273,-0.03762858689767201,2.0,0.32646957167234103,8.0,4.0,-0.005307467057101056
CHZUSDT,small,2025-08-13 14:00:00+00:00,4.42,-0.07941493491664775,False,36,57.68392086553944,31.805555555555554,-0.06571367612545331,0.19841269841269837,56.52777777777778,0.000335893238022839,59.02777777777778,0.03684539105173168,0.12023535431056542,0.0381697486960646,1.0,0.6928969336162029,14.0,2.0,0.024574548780431416
CHZUSDT,small,2025-09-30 10:00:00+00:00,4.37,0.11299999999999999,True,23,46.15255818560736,56.94444444444444,-0.11168889893737277,0.037496699234222275,41.11111111111111,-0.0017537650258620842,54.44444444444444,-0.0015369573634748113,-0.014052697616060206,-0.006573957016434928,2.0,0.5262621452779094,10.0,1.0,0.005985769447930611
CHZUSDT,small,2025-10-29 18:00:00+00:00,4.19,-0.05071237977040033,False,36,48.70083719676152,16.25,-0.3085174855181291,0.12810640532026607,12.63888888888889,0.0015760694995820236,45.13888888888889,-0.007036013685440046,0.018003790271636122,-0.015577275503970589,1.0,0.4808363974430983,18.0,2.0,-0.029547315465348167
CHZUSDT,small,2025-11-28 08:00:00+00:00,4.66,0.015201455507773744,True,36,71.57831670154069,46.111111111111114,-0.14435324087178036,0.10895084372707275,96.80555555555556,0.0020697495458361485,27.77777777777778,0.056949588037584986,0.09133574007220213,0.04061962134251296,2.0,0.43807177374640005,8.0,4.0,-0.005442282400052401
CHZUSDT,small,2025-12-06 10:00:00+00:00,4.04,0.011201320132013139,True,36,54.15363460353365,74.16666666666667,-0.1423719218794226,0.11151870873074099,99.72222222222223,0.0029059109506017165,81.94444444444444,0.002552730626968369,-0.013350700097688017,0.002979145978152964,6.0,0.46632765946192284,10.0,5.0,-0.01705766007934284
DASHUSDT,mid,2023-07-23 13:00:00+00:00,4.55,-0.06860772178013552,False,36,67.9054175344964,59.78947368421053,-0.11294117647058821,0.07271577616187175,95.31914893617022,0.0016017874954255863,30.14553014553015,0.03554984826497298,0.010422870756402691,0.03508236729713232,1.0,0.5804684051899416,13.0,6.0,0.002642687002108568
DASHUSDT,mid,2023-09-29 12:00:00+00:00,5.27,0.02339565697460433,True,36,61.312960937481684,15.833333333333332,-0.0058543724844491996,0.10852713178294571,100.0,-0.0004175827261880948,38.47222222222222,0.014935369326074976,0.02877697841726623,0.017984263769202036,1.0,0.4274715226984826,12.0,4.0,0.018652086930017964
DASHUSDT,mid,2023-10-16 13:00:00+00:00,5.47,-0.03982323427248169,False,36,54.93218230454414,53.75,-0.09342197340797753,0.03889334402566158,10.277777777777777,0.00029151761023714134,83.61111111111111,0.01248845499640816,-0.014079147640791545,0.01927616050354053,3.0,0.4544264183078314,13.0,0.0,0.03911783752525322
DASHUSDT,mid,2023-10-24 03:00:00+00:00,4.64,0.013113350125944613,True,36,61.512576854869124,100.0,-0.029678770949720712,0.12921576594880135,95.55555555555556,0.004775910450344446,100.0,0.0705887762590165,0.07922330097087382,0.04512974802557346,9.0,0.40319736843872184,3.0,1.0,0.13796788028795604
DASHUSDT,mid,2024-02-16 06:00:00+00:00,4.21,0.017601100412654835,True,36,57.207939420795086,32.083333333333336,-0.012898845892736044,0.11374952125622362,18.47222222222222,-7.031440331231415e-05,73.88888888888889,0.04022052839890922,0.07345884090070132,0.032670454545454586,3.0,0.4897115902472643,6.0,4.0,0.0020925535350719837
DASHUSDT,mid,2024-05-24 11:00:00+00:00,7.44,0.020750083640013406,True,36,41.15519353197358,56.80555555555556,-0.0635964912280702,0.11197916666666674,0.1388888888888889,3.563442803186393e-05,100.0,-0.01508047902579801,0.014596062457569614,-0.02954545454545454,3.0,0.529682986257914,11.0,4.0,-0.0314044811403853
DASHUSDT,mid,2024-07-02 08:00:00+00:00,4.07,0.005092198581560405,True,36,36.09102481519001,54.30555555555555,-0.21512770137524562,0.07392473118279574,97.91666666666666,-0.0006281488037109207,19.72222222222222,-0.012992644586890645,0.019566142067205305,-0.022430668841761814,1.0,0.49459238813194634,8.0,1.0,-0.010238181328566132
DASHUSDT,mid,2024-10-01 22:00:00+00:00,7.07,0.00997339246119733,True,36,18.110334244411874,100.0,-0.1516177577125658,0.0,0.1388888888888889,-0.006098995842410208,100.0,-0.08913714224696878,-0.13068619892058597,-0.08258746948738804,3.0,0.4516847404536968,22.0,1.0,-0.04026124002522169
DASHUSDT,mid,2024-11-11 19:00:00+00:00,4.31,-0.0346923076923078,False,36,53.72442252798058,79.58333333333333,-0.02365752910251595,0.22989593188268675,19.86111111111111,-0.0003281306827566922,99.58333333333333,0.06450458123262459,0.1981566820276499,-0.01365705614567525,10.0,0.3344367722995444,19.0,0.0,0.06573229246701318
DASHUSDT,mid,2024-11-16 15:00:00+00:00,4.1,-0.021972451790633563,False,36,76.76027027483738,85.97222222222223,0.0,0.37369914853358543,100.0,0.001050950631627039,93.47222222222223,0.10923362522329527,0.20049607275733772,0.13040093421564802,9.0,0.48931461789673725,15.0,5.0,0.020873775839156172
DASHUSDT,mid,2025-03-23 08:00:00+00:00,4.83,0.03130449826989623,True,36,39.687131118958995,3.4722222222222223,-0.1853417899929527,0.14003944773175547,0.9722222222222222,-0.0011008334062197775,60.83333333333333,-0.016506249239709114,-0.002157962883038489,-0.0068728522336769515,1.0,0.5183842117494674,8.0,6.0,6.051636837245411e-05
DASHUSDT,mid,2025-04-28 09:00:00+00:00,5.97,-0.03757974047718715,False,36,72.01972874594698,100.0,-0.020500205002049965,0.32354570637119107,98.47222222222223,0.014393975695271729,100.0,0.057537696791699844,0.10858468677494204,0.09186471663619744,7.0,0.5047978438272148,9.0,0.0,0.005348902062163763
DASHUSDT,mid,2025-07-11 15:00:00+00:00,5.91,-0.003368613138686192,False,36,57.55782568820623,72.5,-0.024042742653606397,0.2280112044817928,61.80555555555556,-0.000590244035564861,96.25,0.05804234729569613,0.10150753768844245,0.057404727448142845,7.0,0.498408361040124,15.0,4.0,0.05942233165182831
DASHUSDT,mid,2025-10-01 20:00:00+00:00,7.37,0.11299999999999999,True,9,69.68037601156878,99.86111111111111,-0.056799740344044114,0.453726863431716,99.86111111111111,0.01637370219216919,100.0,0.10840914331142137,0.35921421889616467,0.281305114638448,16.0,0.4769339128335906,20.0,2.0,0.026928473848240042
DASHUSDT,mid,2025-11-01 14:00:00+00:00,4.27,0.11299999999999999,True,16,72.5358133528347,97.08333333333333,-0.051074518559866,1.3668639053254439,75.83333333333333,0.013640551488143367,100.0,0.25602672359620193,0.6577279375914187,0.4342965619067709,11.0,0.46918726320026505,14.0,5.0,-0.0019178895970261012
DASHUSDT,mid,2026-01-14 00:00:00+00:00,4.79,0.11299999999999999,True,6,63.55621619415317,98.05555555555556,-0.09627667861037548,0.6466080045415841,92.91666666666667,-0.0060917496333766025,99.02777777777779,0.11233124955129803,0.3262459990855051,0.4416003976143139,24.0,0.48263033258821975,0.0,2.0,0.04510373925749378
DASHUSDT,mid,2026-01-14 17:00:00+00:00,4.06,0.07553771176607094,True,36,76.6582199506268,98.88888888888889,0.0,1.4462106159523138,98.88888888888889,0.01716958453781789,99.72222222222223,0.4208811169846851,1.0897187196896216,0.54527523758293,24.0,0.5882747232609613,17.0,2.0,0.041799180487169796
EIGENUSDT,small,2025-05-08 23:00:00+00:00,4.85,0.11299999999999999,True,8,79.35340844601104,100.0,-0.0035335689045936647,0.6324167872648336,98.88888888888889,0.014782744824812833,100.0,0.2367350607992995,0.12015888778550154,0.4554838709677418,17.0,0.6516247698786569,23.0,3.0,0.05917026104923062
EIGENUSDT,small,2025-05-09 09:00:00+00:00,4.08,0.11299999999999999,True,35,63.465874901209595,98.19444444444444,-0.10609480812641081,0.6522948539638387,51.11111111111111,0.005268665123456901,100.0,0.1864799193214115,0.22474226804123698,0.33034714445688684,22.0,0.45630068759347087,9.0,4.0,0.0331263232860417
EIGENUSDT,small,2026-05-05 22:00:00+00:00,4.98,0.06991489361702152,True,36,56.10838221157636,89.30555555555556,-0.09484833895040923,0.2450331125827816,99.86111111111111,0.004004252808870945,100.0,-0.013260881813362158,0.04502501389660929,0.0639501980758348,4.0,0.37159815978684063,22.0,1.0,0.01430291392248395
EIGENUSDT,small,2026-06-21 16:00:00+00:00,4.02,0.012665218964893256,True,36,57.971081757957855,86.52777777777779,-0.017425320056899007,0.7883495145631068,1.25,0.0014039307626403322,99.30555555555556,0.1395412357296919,0.3954545454545453,0.08183241973375077,3.0,0.4987004165911292,16.0,6.0,0.0009968821715198306
ENAUSDT,mid,2024-05-23 21:00:00+00:00,4.1,0.04069662921348316,True,36,59.248462350239784,37.638888888888886,-0.09276248725790004,0.35053110773899854,60.416666666666664,0.003259731682770721,99.58333333333333,0.10433766959350166,0.32243684992570576,0.037296037296037365,4.0,0.5204856189148158,21.0,3.0,-0.023604155467274013
ENAUSDT,mid,2024-11-15 17:00:00+00:00,4.1,0.05743244690344462,True,36,53.19798785934262,45.0,-0.1358729179518815,0.7389819987585351,71.38888888888889,0.0012412439712361479,91.80555555555556,-0.02389520422833291,0.14886200533114624,0.018727272727272704,1.0,0.5002665784082289,17.0,4.0,0.0019919659912839283
ENAUSDT,mid,2025-07-21 18:00:00+00:00,4.29,-0.10893695369164946,False,36,64.17650272188854,93.05555555555556,-0.020404445254144865,1.3572994300745287,0.5555555555555556,0.00487535528984255,99.86111111111111,0.21904827623975232,0.6007740398928252,0.06919864784251328,8.0,0.5215796124278336,18.0,0.0,-0.001447821527251314
ENAUSDT,mid,2026-02-07 16:00:00+00:00,4.14,-0.04006502775574927,False,36,56.85537095028876,56.111111111111114,-0.4925553319919518,0.12891674127126218,100.0,0.0004261019468688803,43.888888888888886,-0.014520674183100324,-0.08357558139534893,-0.010980392156862862,2.0,0.486632685501483,16.0,5.0,0.007657447614606738
FETUSDT,mid,2023-08-01 05:00:00+00:00,4.46,0.014312407315867583,True,36,29.882079703554908,79.35578330893118,-0.1882022471910112,0.003970223325062028,61.6519174041298,-0.0031503069984642265,43.83164005805516,-0.03934837184025841,-0.03804089396100796,-0.03941120607787274,3.0,0.5889489582546338,5.0,1.0,-0.018296830363215943
FETUSDT,mid,2023-08-13 22:00:00+00:00,4.42,0.043102040816326515,True,36,79.45141713211416,100.0,-0.1239333604225924,0.12174817898022905,99.86111111111111,0.0074944328800138175,80.83333333333333,0.060289141507815946,0.095528455284553,0.07424015944195328,4.0,0.5226629868996467,22.0,6.0,-0.0017057943297466016
FETUSDT,mid,2023-10-16 13:00:00+00:00,4.47,-0.03820122237893753,False,36,44.28009226228372,56.94444444444444,-0.10630252100840332,0.06137724550898205,18.75,0.00028532274687521604,72.91666666666666,0.018267785992570174,0.021613832853025983,0.004249291784702569,2.0,0.4999738867389555,13.0,0.0,0.03911783752525322
FETUSDT,mid,2024-02-16 06:00:00+00:00,4.13,0.07466666666666666,True,36,63.59240536661605,89.16666666666667,-0.008763108748743198,0.3356562137049943,37.916666666666664,0.006914753198292742,96.52777777777779,0.06982526335723183,0.2094653812445222,0.02938982545129032,6.0,0.5109317975683842,6.0,4.0,0.0020925535350719837
FETUSDT,mid,2024-02-20 00:00:00+00:00,4.3,0.0702361546499477,True,36,60.67948631726263,92.22222222222223,-0.02277136730317575,0.8524970963995355,83.47222222222223,0.0014045569570546184,100.0,0.21837864852704958,0.43070713111077863,0.14268656716417905,17.0,0.5789393581007004,0.0,1.0,-0.0069611856456185395
FETUSDT,mid,2024-11-06 08:00:00+00:00,4.15,0.038352164343360196,True,36,76.80895644407386,99.72222222222223,-0.12177835051546393,0.24474885844748862,94.16666666666667,0.006001560197143739,97.63888888888889,0.09699808841220614,0.049268668206312594,0.16895368782161246,6.0,0.4206942659356726,8.0,2.0,0.06498244621918392
FETUSDT,mid,2025-04-21 19:00:00+00:00,4.18,0.022115755627009737,True,36,55.57854781259442,63.61111111111111,-0.03863987635239574,0.7976878612716765,29.444444444444446,-0.003991596564370046,100.0,0.1570903038696978,0.24899598393574296,0.0264026402640265,9.0,0.722781050311318,19.0,0.0,0.02611217745369987
FETUSDT,mid,2025-09-30 17:00:00+00:00,4.04,0.08088321167883206,True,36,24.605046864627596,71.38888888888889,-0.21377331420373014,0.0,3.888888888888889,-0.0018092216159928604,47.083333333333336,-0.04106020802836696,-0.07275803722504215,-0.04195804195804176,1.0,0.4597120263176798,17.0,1.0,-0.0069078288756592165
FETUSDT,mid,2026-01-05 08:00:00+00:00,4.2,0.059951219512195175,True,36,72.48541862521402,99.16666666666667,-0.016449623029472282,0.49090909090909074,98.05555555555556,0.002888998148423753,99.86111111111111,0.20694429973876005,0.3165137614678899,0.15912762520193868,12.0,0.515206393109703,8.0,0.0,0.010800922081894981
FETUSDT,mid,2026-03-16 21:00:00+00:00,4.07,-0.06940649404027943,False,36,75.79140368885368,99.58333333333333,-0.015378389316066388,0.7353780313837375,99.44444444444444,0.006352984199349401,100.0,0.26592365544367724,0.6756198347107438,0.21528471528471527,18.0,0.4354384475745965,21.0,0.0,0.03493742786398202
FILUSDT,mid,2023-10-16 13:00:00+00:00,4.57,-0.025291449586270276,False,36,57.771367282817074,68.19444444444444,-0.0604664555139649,0.04182630906768825,8.75,0.0005139883324013699,78.19444444444444,0.015244910200049366,0.0003065603923972926,0.020325203252032464,3.0,0.526958234904643,13.0,0.0,0.03911783752525322
FILUSDT,mid,2023-10-22 07:00:00+00:00,4.17,0.11299999999999999,True,36,57.149512397249445,94.86111111111111,-0.029945292254534905,0.07567049808429127,99.02777777777779,0.0004467338856274317,100.0,0.0339755047435244,0.04985976939856651,0.03885291396854784,10.0,0.41860566248270603,7.0,6.0,0.012573640801211816
FILUSDT,mid,2023-10-23 23:00:00+00:00,4.31,-0.0273820253820255,False,36,75.15035501735287,100.0,-0.017307202850598058,0.23275862068965525,99.58333333333333,0.010540706334642807,100.0,0.12967776581803614,0.18836565096952906,0.12795793163891322,12.0,0.4544956803076149,23.0,0.0,0.10908922037658386
FILUSDT,mid,2024-02-16 06:00:00+00:00,4.15,0.056380484499407135,True,36,62.64186813466695,45.83333333333333,-0.008732157850545819,0.2583670859091878,89.44444444444444,-0.00027523824720559245,87.08333333333333,0.06770902094450348,0.10439663236669783,0.03416257883672036,6.0,0.5398637257102772,6.0,4.0,0.0020925535350719837
FILUSDT,mid,2024-02-18 06:00:00+00:00,4.04,0.11299999999999999,True,34,53.585763073641225,83.88888888888889,-0.029393272555800154,0.3163504583244512,99.44444444444444,-0.0005620544521915767,100.0,0.06179811125375112,0.13971945367294203,0.07167650121485591,18.0,0.3771281913581025,6.0,6.0,-0.005048442785278162
FILUSDT,mid,2024-02-19 23:00:00+00:00,5.35,0.032322022441530374,True,36,76.20290238180644,100.0,-0.019875447197561846,0.576849285866553,99.86111111111111,0.009022706953668387,100.0,0.186236756151408,0.3572477064220183,0.17786624203821666,19.0,0.44483642704884124,23.0,0.0,-0.005807449492532646
FILUSDT,mid,2024-05-23 21:00:00+00:00,4.1,0.012953592299759455,True,36,39.9464685074427,97.36111111111111,-0.1069838833461243,0.09504987765857331,1.9444444444444444,-0.0038311081174464572,99.72222222222223,-0.020643617777865053,0.01464945936519002,-0.05597923089404522,6.0,0.4665157731504127,21.0,3.0,-0.023604155467274013
FILUSDT,mid,2024-10-28 12:00:00+00:00,5.28,0.029808035714285586,True,36,64.59121899943284,30.97222222222222,-0.13742478941034897,0.060982830076968586,98.33333333333333,0.0007465588694300941,41.94444444444444,-0.012501969203703611,-0.07795214818626184,0.028112449799196693,1.0,0.4967227292356213,12.0,0.0,0.02421849349392602
FILUSDT,mid,2024-11-10 16:00:00+00:00,4.13,0.020479721900347414,True,36,80.14206820270371,94.44444444444444,0.0,0.3446556559675913,100.0,0.0025411900398091443,100.0,0.14248069112635675,0.30757575757575784,0.11700750711881969,10.0,0.5351285217567278,16.0,6.0,0.0442103566697547
FILUSDT,mid,2025-05-09 08:00:00+00:00,4.08,0.046285048285048314,True,36,79.38887408605824,93.88888888888889,-0.001994017946161497,0.3045178105994788,92.91666666666667,0.00041628728884310893,98.88888888888889,0.10272496289069344,0.03874092009685226,0.09200000000000008,4.0,0.5395286781172667,8.0,4.0,0.0440939729985208
FILUSDT,mid,2025-10-11 01:00:00+00:00,6.63,0.014234567901234564,True,36,19.984697038809927,100.0,-0.38589840788476115,0.03779628443305594,99.86111111111111,-0.04695381164082538,99.44444444444444,-0.1417742240463794,-0.3176074136478517,-0.2987012987012987,10.0,0.6353910181038117,1.0,5.0,-0.07581970124999515
FILUSDT,mid,2026-05-06 08:00:00+00:00,5.41,-0.025550724637681155,False,36,68.49628563290901,100.0,-0.036649214659685736,0.29729729729729737,99.58333333333333,0.00861424781610892,100.0,0.08269374609251945,0.17321997874601514,0.15360501567398144,10.0,0.5150264531237045,8.0,2.0,0.006236179836174749
INJUSDT,mid,2023-08-17 22:00:00+00:00,5.02,0.09088126133668206,True,36,50.77921562321011,94.44444444444444,-0.2511754257653328,0.0541256067068685,99.58333333333333,-0.0007012545344886925,100.0,-0.015002606122666906,-0.06691837000390577,0.027526881720430163,6.0,0.49765168409389193,22.0,3.0,-0.09249029455267843
INJUSDT,mid,2023-10-16 13:00:00+00:00,4.33,0.01334691771988661,True,36,48.84705747445326,46.38888888888889,-0.035692078099738955,0.12409394027254272,3.888888888888889,-0.001814205336871876,95.0,0.030972456803794346,0.03180306054557547,0.024577167019027568,3.0,0.5258076391643562,13.0,0.0,0.03911783752525322
INJUSDT,mid,2023-10-23 03:00:00+00:00,4.3,0.11299999999999999,True,19,69.35009495253162,96.52777777777779,0.0,0.38112496375761085,95.27777777777777,0.003991076342410946,100.0,0.12461152507264672,0.2157988769780499,0.05785032200755036,5.0,0.5216282408487589,3.0,0.0,0.017271517483824272
INJUSDT,mid,2023-12-11 14:00:00+00:00,4.09,0.11299999999999999,True,11,67.25355201351738,97.36111111111111,-0.006160433414889921,0.601675820306999,98.75,0.0015155313711723729,100.0,0.17394667217761306,0.3874351936566027,0.20891794217687076,15.0,0.5180450983209762,14.0,0.0,-0.04176263338765873
INJUSDT,mid,2026-04-16 13:00:00+00:00,4.39,-0.004389486260453988,False,36,61.01866007853797,77.63888888888889,-0.019332161687170557,0.22413162705667267,97.63888888888889,-0.001438561846944947,100.0,0.06906594758481344,0.15051546391752568,0.0930460333006855,13.0,0.494967419120828,13.0,3.0,0.004715392796137863
JSTUSDT,mid,2023-07-11 02:00:00+00:00,4.39,0.04936221527467621,True,36,61.640718949343096,52.84090909090909,-0.03864319450407905,0.021441605839416233,80.7017543859649,0.0015028988022404701,54.395604395604394,-0.012109753804499301,-0.026098303610265328,0.01312217194570131,3.0,0.6917413738408986,2.0,1.0,0.01788623838555936
JSTUSDT,mid,2023-07-13 15:00:00+00:00,4.3,0.11299999999999999,True,33,63.73564700500236,64.55696202531645,-0.00042319085907760456,0.07755474452554756,54.741379310344826,0.0010023058668141066,77.77777777777779,0.032523866114721134,0.057769816390506046,0.01373390557939902,1.0,0.559885781384505,15.0,3.0,-0.005354533703663011
JSTUSDT,mid,2023-09-29 03:00:00+00:00,4.26,0.11299999999999999,True,6,78.74968851654432,100.0,-0.003923107100823775,0.2797379032258065,99.86111111111111,0.012114925435247677,100.0,0.04841968566960153,0.13146167557932253,0.14524131709517363,4.0,0.619973789000885,3.0,4.0,0.019288447851268042
JSTUSDT,mid,2023-09-29 11:00:00+00:00,4.66,-0.13191988854057823,False,36,76.72765891995807,100.0,-0.007261410788381828,0.44707661290322576,99.86111111111111,0.01410679760877554,99.86111111111111,0.07342226910566452,0.27430093209054585,0.2926609635299413,12.0,0.5520655019201741,11.0,4.0,0.017249879754405395
JSTUSDT,mid,2024-01-14 06:00:00+00:00,4.69,-0.038272670419011945,False,36,70.00386292178513,92.36111111111111,-0.0352941176470587,0.13283740701381497,100.0,0.003030823220597256,100.0,0.06474298379138399,0.0652898067954697,0.07459677419354827,7.0,0.6168889034805174,6.0,6.0,-0.008145965682074374
JSTUSDT,mid,2024-02-15 21:00:00+00:00,4.12,-0.00614691943127965,False,36,64.1299221111675,96.80555555555556,-0.014881820834549253,0.21613832853025938,45.13888888888889,-0.0008895235542956376,98.75,0.0461515902266989,0.0939727802981205,0.034313725490195957,6.0,0.6306156333887,21.0,3.0,-2.7086565179690325e-06
JSTUSDT,mid,2024-04-11 21:00:00+00:00,4.28,0.11299999999999999,True,3,57.88836935577225,67.77777777777779,-0.03774879890185312,0.28270814272644107,98.75,-0.004206684884114062,98.19444444444444,0.050185295384421735,0.14636140637775963,0.09788566953797972,13.0,0.5165390559030913,21.0,3.0,0.009849451405281151
JSTUSDT,mid,2024-06-08 14:00:00+00:00,4.29,0.051107968264918924,True,36,32.383365586291845,17.63888888888889,-0.12916791829378194,0.0038088642659279692,94.58333333333333,0.0009175191890122094,100.0,-0.03148595269708521,-0.047008547008547064,-0.04323432343234335,3.0,0.4317158526539615,14.0,5.0,-0.02942072787154759
JSTUSDT,mid,2024-07-01 10:00:00+00:00,4.12,0.012131897711978425,True,36,62.0462560987679,51.52777777777777,-0.03849886768036237,0.11477869467366841,95.55555555555556,0.00013878645899925292,78.47222222222221,0.024916779113865584,0.1007407407407408,0.008141112618724522,2.0,0.49994830148998276,10.0,0.0,0.022903898442540926
JSTUSDT,mid,2024-10-03 08:00:00+00:00,4.26,0.012025245441795286,True,36,30.231607924122372,50.138888888888886,-0.053120849933599,0.04622157006603089,1.25,3.363136101853894e-06,94.72222222222221,-0.03193130667465882,-0.023287671232876672,-0.020604395604395642,2.0,0.4605093985340565,8.0,3.0,-0.012982889284175236
JSTUSDT,mid,2025-02-28 04:00:00+00:00,4.46,0.029756318859365027,True,36,24.999111877372655,80.27777777777779,-0.21595528455284552,0.006194978806651319,97.5,-0.00401061812090418,91.25,-0.051755701849353075,-0.11117511520737333,-0.030778894472361817,1.0,0.4851517732468284,4.0,4.0,-0.05601415149686162
JSTUSDT,mid,2025-04-02 07:00:00+00:00,4.33,-0.02915355805243447,False,36,78.92790772092742,84.44444444444444,-0.039856158225951344,0.10865051903114198,100.0,0.002596187989905831,87.77777777777777,0.018597437008023077,0.03756476683937815,0.039247486214725846,5.0,0.5307817091895568,7.0,2.0,0.00804304032508174
JSTUSDT,mid,2025-04-27 08:00:00+00:00,4.83,-0.029635118610907507,False,36,77.80244585808367,100.0,-0.0257326661901357,0.42622950819672134,99.86111111111111,0.014527221950952338,100.0,0.07491889718158773,0.33279009126466774,0.2814164838608588,12.0,0.41586852322514417,8.0,6.0,-0.005332857637878163
JSTUSDT,mid,2025-08-25 07:00:00+00:00,4.54,0.05729437706725471,True,36,67.66015359315838,93.05555555555556,-0.14170806718713036,0.12846034214618984,99.72222222222223,0.0048318597260232675,95.97222222222223,0.04735013174900837,0.10981951667176526,0.046136101499423265,7.0,0.5696867337676083,7.0,0.0,-0.025530809037596303
JSTUSDT,mid,2026-01-19 00:00:00+00:00,4.04,0.02772770422183357,True,36,41.385823754574325,24.166666666666668,-0.10407341092211264,0.06293149229952211,81.38888888888889,-0.0005271997774847894,75.55555555555556,-0.008965320027534585,-0.006206554121151897,-0.010872251050160542,1.0,0.461709047981374,0.0,0.0,-0.015498313833314237
JTOUSDT,mid,2024-09-27 09:00:00+00:00,4.34,-0.014872083668543866,False,36,57.82400778114338,35.97222222222222,-0.0063948840927255945,0.3430578065910319,35.833333333333336,0.0009729019982819481,98.47222222222223,0.06079781780481697,0.06375695335900722,0.04983108108108114,8.0,0.5209169579688712,9.0,4.0,0.031651323585964564
JTOUSDT,mid,2025-06-04 10:00:00+00:00,5.8,-0.09192999461497042,False,36,55.04385215892218,21.805555555555557,-0.155909090909091,0.20819778789850374,24.583333333333332,-0.0010910162735214839,43.333333333333336,0.06624296671708119,-0.042289840123775124,0.018092105263157743,2.0,0.5865580846900723,10.0,2.0,0.005962084299803383
JTOUSDT,mid,2026-01-02 12:00:00+00:00,4.77,0.048228310502283156,True,36,70.22816759820736,75.97222222222221,-0.07789473684210524,0.42207792207792205,100.0,0.0017903059379171923,72.36111111111111,0.1041575639761485,0.14960629921259838,0.09774436090225569,1.0,0.5123670451800802,12.0,4.0,0.016794274875762127
JTOUSDT,mid,2026-01-26 04:00:00+00:00,4.35,0.08415384615384602,True,36,49.41938469832068,99.44444444444444,-0.36023622047244097,0.05863192182410426,99.58333333333333,0.0008181527758468871,99.02777777777779,-0.048545360948387795,-0.09722222222222221,-0.026946107784431184,11.0,0.6041322293249926,4.0,0.0,-0.018865708149754412
JTOUSDT,mid,2026-01-28 05:00:00+00:00,4.51,0.11299999999999999,True,4,66.52417411964224,97.91666666666666,-0.25393700787401574,0.23452768729641704,99.72222222222223,0.006184305612576767,97.08333333333333,0.09205823794786205,0.09855072463768133,0.12797619047619047,12.0,0.5555501350052923,5.0,2.0,0.004464460093398515
JTOUSDT,mid,2026-01-29 01:00:00+00:00,5.14,-0.19125233644859818,False,36,50.33523216148551,98.05555555555556,-0.15748031496062997,0.39413680781758953,98.61111111111111,-0.017727166214048597,100.0,0.06724852523726343,0.2514619883040934,0.15053763440860224,24.0,0.49936353271342343,1.0,3.0,-0.0036192941990698113
JTOUSDT,mid,2026-03-23 19:00:00+00:00,4.35,0.0663290192694852,True,36,82.17100745764691,100.0,0.0,0.3880239520958084,99.86111111111111,0.018842245895657632,100.0,0.10711987931822753,0.18668941979522202,0.23692636072572038,8.0,0.5442128017062984,19.0,0.0,0.03581595538701032
JTOUSDT,mid,2026-04-13 09:00:00+00:00,4.39,-0.03958931345138239,False,36,72.77082243869106,81.38888888888889,-0.13976483164083364,0.26136363636363646,92.77777777777779,0.0049163385383029015,88.61111111111111,0.06860386393108908,0.16419529837251345,0.07050216162288003,2.0,0.5198889075684496,9.0,0.0,-0.013241944173333908
JTOUSDT,mid,2026-05-08 03:00:00+00:00,4.43,-0.07112044237083126,False,36,59.5724672220211,98.61111111111111,-0.14164936220706026,1.1135865595325054,97.77777777777777,-0.010429241794032231,98.61111111111111,0.1433982324327192,0.619194180190263,0.41215226939970706,19.0,0.49027238603368284,3.0,4.0,-0.020032216648950607
MEGAUSDT,tiny,2026-05-23 09:00:00+00:00,5.6,-0.03396816022595972,False,36,30.441052301892512,90.78947368421053,-0.5572167585697232,0.017637836425398623,100.0,-0.004534958726784523,38.28996282527881,-0.031096231558157994,-0.15170986713134393,-0.1025463763106349,5.0,0.48019787333254516,9.0,5.0,-0.03343040750184623
MEGAUSDT,tiny,2026-06-17 14:00:00+00:00,5.4,0.11299999999999999,True,12,38.18755697723103,87.36111111111111,-0.4198318970103202,0.28851606805292995,0.2777777777777778,-0.001969847587570016,75.55555555555556,-0.053507728252578435,0.20882287741077388,-0.03911894273127747,5.0,0.4854720304042455,14.0,2.0,-0.011718040331859747
MEGAUSDT,tiny,2026-06-22 12:00:00+00:00,4.73,0.010538061973849102,True,36,48.487937701707004,41.66666666666667,-0.31505336768494663,0.3192344045368618,91.52777777777777,-0.0008557316961993567,30.97222222222222,-0.023045217923941208,-0.14945155393053022,0.0007169743681663121,3.0,0.48501807260857693,12.0,0.0,0.007498441785090959
MEGAUSDT,tiny,2026-06-24 07:00:00+00:00,4.03,-0.18929932215483403,False,36,52.6626615210899,30.694444444444446,-0.2722315980786707,0.3246691871455576,0.1388888888888889,0.0029519819879522302,70.13888888888889,-0.0061161746985931575,0.02730437969580346,0.050993625796775355,15.0,0.46464183079939725,7.0,2.0,-0.0024788670270009527
PUMPUSDT,mid,2025-09-26 05:00:00+00:00,4.8,0.0029290220820188412,True,36,41.44353726855146,17.313432835820898,-0.4154661749452576,0.011164274322169154,12.727272727272727,0.001345234600249827,4.9853372434017595,-0.12602769217611443,-0.31487234904768335,-0.020660359142691487,12.0,0.5070945378520322,5.0,4.0,-0.021458234551082533
PUMPUSDT,mid,2026-04-28 21:00:00+00:00,8.34,-0.03871232876712327,False,36,70.03363739710095,44.72222222222222,-0.11407766990291268,0.15214646464646475,100.0,0.0034217320079698737,99.58333333333333,-0.0027596534604285017,0.0027472527472527375,0.04464796794504866,1.0,0.5056861172886917,21.0,1.0,-0.006451107406754253
SEIUSDT,mid,2025-06-17 16:00:00+00:00,4.21,0.09850368550368538,True,36,26.748772931872537,98.61111111111111,-0.3521687226422603,0.018773466833541974,18.055555555555554,-0.006197425909477074,78.61111111111111,-0.09170693945814634,-0.1916583912611718,-0.11425462459194768,3.0,0.5425523649033345,16.0,1.0,-0.02963305734533206
SEIUSDT,mid,2025-08-24 19:00:00+00:00,4.34,-0.08314104595879557,False,36,50.09823563290949,55.69444444444444,-0.1291747170852885,0.19326777609682289,12.916666666666668,0.0019475913483960902,68.33333333333333,0.0045073236541128825,-0.07748538011695916,-0.025332097621254213,2.0,0.4773678574786685,19.0,6.0,-0.0045055932145835476
SEIUSDT,mid,2025-09-17 18:00:00+00:00,4.12,0.07574193548387109,True,36,38.563837354928395,22.5,-0.13067863151991022,0.1460258780036967,20.13888888888889,-0.0004483648434320069,34.44444444444444,-0.060328780475015,-0.025463690663313443,-0.025769956002514083,1.0,0.48883203222142785,18.0,2.0,-0.00821782023490325
SYNUSDT,micro,2023-11-30 13:00:00+00:00,4.74,-0.1130421836228287,False,36,57.63505861200243,95.97222222222223,-0.09080654258319243,0.42992312241277353,47.083333333333336,0.008778807754577489,100.0,0.04882062414416111,0.1664254703328507,0.16417910447761197,11.0,0.4688114008363494,13.0,3.0,-0.007366141795215997
SYNUSDT,micro,2024-02-27 23:00:00+00:00,4.01,0.11299999999999999,True,9,56.51396088846845,98.05555555555556,-0.11978921614754867,0.4136315550853862,99.30555555555556,-0.010390556756197116,98.88888888888889,0.07094153047797169,0.24570515381542157,0.17882797731569,21.0,0.6305404575553761,23.0,1.0,0.04085489534445719
SYNUSDT,micro,2024-06-12 11:00:00+00:00,4.99,0.11299999999999999,True,2,71.33914236150375,99.86111111111111,-0.18750739382467774,0.27705466716251403,99.86111111111111,0.01686147938632447,100.0,0.05181623154733761,-0.05749965692328807,0.23214926444205242,11.0,0.45731040253766697,11.0,2.0,0.015381711326081904
SYNUSDT,micro,2024-06-16 21:00:00+00:00,4.01,-0.14963061968408253,False,36,57.99493570959728,93.61111111111111,-0.20665140378358837,0.22424693194496115,91.38888888888889,0.007710665938094657,94.16666666666667,-0.022132899756021285,0.044581945105505394,0.06761796659640007,4.0,0.49135376555034654,21.0,6.0,0.007108918632231509
SYNUSDT,micro,2024-07-19 09:00:00+00:00,5.33,0.11299999999999999,True,29,48.627173266236156,9.722222222222223,-0.22539353053104993,0.11754429747941098,0.6944444444444444,0.0039044523591313983,77.63888888888889,-0.04089328044755347,0.03609440074039805,-0.02248417376118761,2.0,0.5672318564257715,9.0,4.0,-0.017369169147279928
SYNUSDT,micro,2024-07-20 17:00:00+00:00,6.32,0.04586476224914127,True,36,81.31323846280551,100.0,-0.005215827338129531,0.3803344147741454,99.02777777777779,0.016137140748381847,100.0,0.10804085521407947,0.2522073805750511,0.16638549135385916,8.0,0.5271159309394444,17.0,5.0,0.0058037233984093994
SYNUSDT,micro,2025-02-12 15:00:00+00:00,4.44,-0.03410616438356162,False,36,61.66514885522606,95.41666666666667,-0.32230925442413694,0.5891156462585034,99.86111111111111,0.0036641187688074917,100.0,0.1867996922540447,0.34330074755606677,0.2817558299039782,18.0,0.4485707856732646,15.0,2.0,-0.013748887064348736
SYNUSDT,micro,2025-04-18 13:00:00+00:00,6.41,0.03470886075949364,True,36,59.37528278433387,21.805555555555557,-0.21078921078921076,0.31229235880398676,7.638888888888889,-0.004437921779195655,99.16666666666667,0.005125615859036259,0.04774535809018565,0.09040717736369919,11.0,0.4416487545842573,13.0,4.0,-0.0015380534040357885
SYNUSDT,micro,2025-04-22 00:00:00+00:00,4.38,0.09166814377154098,True,36,65.63123575711207,87.63888888888889,-0.0193143408981169,0.6868770764119603,97.91666666666666,0.0005241380565529345,100.0,0.14357384237971327,0.3309305373525555,0.22793228536880306,19.0,0.46987374290614026,0.0,1.0,0.02743614523914495
SYNUSDT,micro,2025-07-06 18:00:00+00:00,4.39,-0.048659597030752955,False,36,76.28638726235116,89.02777777777777,-0.4605263157894738,0.1172985781990521,100.0,0.007444207824008655,26.944444444444443,0.019110262461192518,-0.048435923309788076,0.1172985781990521,3.0,0.5322574164145313,18.0,6.0,0.007670824186641445
SYNUSDT,micro,2025-07-09 01:00:00+00:00,4.12,0.11299999999999999,True,7,71.93339266731655,100.0,-0.37929061784897034,0.28554502369668233,99.86111111111111,0.010348598835734354,100.0,0.10055340494450249,0.2191011235955056,0.20155038759689914,15.0,0.3483949669495409,1.0,2.0,0.005913204608790856
SYNUSDT,micro,2025-07-12 06:00:00+00:00,4.59,-0.03669079939668174,False,36,56.6249742952026,90.83333333333333,-0.14890885750962768,0.5710900473933649,0.8333333333333334,0.0016649190382716878,100.0,0.1560859797604719,0.5068181818181818,0.12659303313508907,10.0,0.5000664449333138,6.0,5.0,-0.0014482391324581734
SYNUSDT,micro,2025-09-29 17:00:00+00:00,4.41,0.02014348981399472,True,36,53.42490776400903,95.69444444444444,-0.2115921787709497,0.0887174541947926,93.75,0.0053965797495235685,100.0,-0.005633463449131959,0.008035714285714368,0.0357798165137615,3.0,0.4280004226196982,17.0,0.0,0.030884300614341775
TIAUSDT,mid,2025-05-09 06:00:00+00:00,5.4,0.11299999999999999,True,18,59.36883100357435,85.97222222222223,-0.0840618695359785,0.219883564711151,93.47222222222223,-0.003980225313731991,96.38888888888889,0.05172472605581513,0.034168564920273425,0.07753164556962022,20.0,0.44504073323945814,6.0,4.0,0.04292803133381495
TIAUSDT,mid,2025-11-08 09:00:00+00:00,4.41,0.006893280632410905,True,36,56.22208255273443,95.55555555555556,-0.3120326308633583,0.3298291721419184,98.47222222222223,-0.006267220980890094,96.52777777777779,0.10832030134040838,0.09405405405405398,0.20047449584816146,11.0,0.4397873093197579,9.0,5.0,0.009217686813434822
TIAUSDT,mid,2026-04-16 16:00:00+00:00,8.48,0.11299999999999977,True,32,68.01152980662748,100.0,-0.04158266129032251,0.3548272176701106,99.72222222222223,0.008568969712741556,100.0,0.12727396300214355,0.2555298778474744,0.175943104514533,14.0,0.5109416264145531,16.0,3.0,0.011552855692697372
TRUMPUSDT,mid,2025-10-08 01:00:00+00:00,4.97,-0.020252933507170723,False,36,46.98390951303311,95.97222222222223,-0.18055555555555547,0.056473829201102,95.27777777777777,-0.00015822825524980304,93.61111111111111,-0.010162810781149001,0.03369272237196763,-0.032786885245901565,2.0,0.538062920515395,1.0,2.0,-0.023913673020689252
TRUMPUSDT,mid,2025-12-24 08:00:00+00:00,4.38,0.02367819424311457,True,36,30.730295647935122,63.74999999999999,-0.24558662708951728,0.0,0.1388888888888889,-0.0019093123326747376,39.861111111111114,-0.04264994151560442,-0.0775549188156639,-0.021479229989868287,1.0,0.5296144578243829,8.0,2.0,-0.007573640770363155
TRUMPUSDT,mid,2026-01-04 04:00:00+00:00,4.02,0.02631594634873302,True,36,61.96916322822895,98.88888888888889,-0.10249122220364482,0.13825275657336733,95.13888888888889,0.0006866204813073712,98.75,0.05096885318187283,0.0837876034726428,0.055446323240267326,14.0,0.43371479624493814,4.0,6.0,0.01013670984515036
TRUMPUSDT,mid,2026-03-13 17:00:00+00:00,4.3,0.11299999999999999,True,10,62.66274422950627,99.30555555555556,-0.11658268437929442,0.40715067493615464,99.02777777777779,0.001921814190840546,99.72222222222223,0.0970578873034531,0.23384516954574552,0.3819419562880688,20.0,0.5542140335554646,17.0,4.0,0.02137518051705878
XPLUSDT,mid,2026-06-25 05:00:00+00:00,4.88,0.11299999999999999,True,16,56.13242279468105,73.61111111111111,-0.22830820770519267,0.5229752066115703,0.1388888888888889,0.002705805703750158,50.27777777777778,-0.007538528476368489,-0.14606116774791467,0.053028571428571425,3.0,0.43061590603736033,5.0,3.0,-0.022102204466946995
ZROUSDT,mid,2025-03-15 10:00:00+00:00,4.3,0.04021533008418254,True,36,77.5100048680588,100.0,-0.29622700342999686,0.47227658186562316,99.44444444444444,0.016986521935850755,100.0,0.20810945460935226,0.09244917715392087,0.2787535410764874,11.0,0.4862057617784174,10.0,5.0,0.014381497164050128
ZROUSDT,mid,2025-07-20 00:00:00+00:00,4.87,0.08891324200913253,True,36,39.86689721946461,35.27777777777778,-0.09015371832156216,0.4388961892247043,2.638888888888889,0.0006198620782241762,80.97222222222223,-0.01520792948016536,0.02913533834586457,-0.00544959128065392,1.0,0.313052131078204,0.0,6.0,-0.0007194412983727583
ZROUSDT,mid,2025-08-11 06:00:00+00:00,4.51,-0.07622347720855194,False,36,74.66381512585852,99.72222222222223,-0.006014434643143551,0.49879081015719473,99.58333333333333,0.011146185349932081,99.86111111111111,0.1621093943277956,0.424712643678161,0.2738951695786229,14.0,0.5385916721069952,6.0,0.0,0.034006861789995346
ZROUSDT,mid,2025-09-22 15:00:00+00:00,4.39,0.11299999999999999,True,34,37.98969772666837,99.30555555555556,-0.15535307517084274,0.03749300503637398,29.305555555555557,-0.001038208130505133,86.52777777777779,-0.05007631977749738,-0.014354066985645897,-0.07852882703777331,5.0,0.5458372890345751,15.0,0.0,-0.022223807599670242
ZROUSDT,mid,2025-09-24 05:00:00+00:00,4.1,-0.03181542830099393,False,36,66.98903784895838,99.72222222222223,-0.037357630979498846,0.18242865137101294,96.11111111111111,0.0046184760674351875,98.05555555555556,0.07043087538602189,0.10052083333333339,0.1354110693175712,12.0,0.4503712551945871,5.0,2.0,-0.002493456643985481
ZROUSDT,mid,2026-01-19 00:00:00+00:00,4.18,0.011505578391074469,True,36,40.7718468733419,5.694444444444445,-0.03293583191368532,0.41210613598673307,1.9444444444444444,-0.0020112642311442782,94.16666666666667,0.04323594067326075,0.15223274695534506,-0.024627720504009076,2.0,0.4146793535829188,0.0,0.0,-0.015498313833314237
币安人生USDT,mid,2026-04-06 01:00:00+00:00,4.16,0.04091970802919698,True,36,64.70233423400208,99.86111111111111,-0.05906593406593408,0.7700258397932818,93.47222222222223,0.009171830192659809,100.0,0.29815494414010013,0.5675057208237986,0.20811287477954155,7.0,0.5071842949427648,1.0,0.0,0.027650130159910802
